name,price,status,shipping,free_returns,items_sold
"Apple Macbook Pro 13"" Laptop | UPGRADED i5 16GB RAM | 1TB HD | MacOS | WARRANTY",14900,Pre-Owned,,True,
"13"" Apple MacBook Air SONOMA 3.6Ghz TURBO i5 16GB 256GB SSD A1932 Warranty",44900,Pre-Owned,,True,
"Apple MacBook 13"" Unibody  A1342 8GB RAM 256GB SSD",18900,Pre-Owned,,True,
Apple Macbook Pro 13 inch A1989 Sequoia 16GB Quad Core i7 512GB SSD + Warranty,52500,Pre-Owned,,True,
"Apple MacBook Air 13"" Apple M3 chip 16GB RAM 256GB SSD Midnight MC8K4LL/A 2024",74900,Open Box,,True,
"2017 Apple MacBook Pro 13"" i5 2.3GHz/8GB/256GB - (Space Gray) A1708 w/Warranty",21999,Good - Refurbished,,True,
"Apple MacBook Pro M3 Pro 14.2"" 11-CoreCPU 14-CoreGPU 2023 512GB SSD 18GB RAM",118900,Excellent - Refurbished,,True,
"Apple 16"" MacBook Pro 2.6GHz i7 16GB 512GB SSD - Refurbished",47655,Excellent - Refurbished,,True,
"Apple MacBook 13"" Unibody  A1342 8GB RAM 256GB SSD",18900,,,False,
Apple Macbook Pro 13 inch A1989 Sequoia 16GB Quad Core i7 512GB SSD + Warranty,52500,,,False,
"Apple MacBook Air 13.3"" Intel Core i3 1.10 GHz 8GB 128GB SSD (2020) MWTJ2LL/A",34799,,,False,
Apple Macbook Pro 13.3‚Äù 2.5GHz intel Core i5 16GB RAM 1TB HDD Turboüî•,24900,,,False,
13 Apple Macbook Pro Core i5 3.5GHz Turbo 512GB SSD 16GB A1706 TouchBar Warranty,48900,,,False,
MacBook Pro 15 Inch 1 TB SSD 16 GB i7 3.40Ghz Apple Retina Big Sur 3yr Warranty,44900,,,False,
"EXCELLENT Apple MacBook Pro 15"" RETINA 3.4GHz i7 Turbo 16GB RAM 512GB SSD",39102,,,False,
"LOADED!! Apple MacBook Pro Retina 15"" i7 + TouchBar + 2023 OS + 16 GB RAM + MORE",69825,,,False,
"Apple MacBook Pro 14"" Apple M4 chip 16GB RAM 512GB SSD Space Black MW2U3LL/A",129900,Open Box,,True,
MacBook Air 13-inch 2024 M3 / 16GB RAM / 512GB SSD / 10-Core GPU / Space Gray,87900,Open Box,,True,
2024 Apple MacBook Air 15-inch M3 Chip 16GB RAM 256GB SSD Midnight MC9G4LL/A,88900,Open Box,,True,
"Apple MacBook Air 13"" M2 chip 16GB RAM 256GB SSD Midnight MC7X4LL/A 2022 Model",69900,Open Box,,True,
"Apple MacBook Air 13.3"" Intel Core i3 1.10 GHz 8GB 128GB SSD (2020) MWTJ2LL/A",34799,Very Good - Refurbished,,True,
Apple Macbook Pro 13.3‚Äù 2.5GHz intel Core i5 16GB RAM 1TB HDD Turboüî•,24900,Pre-Owned,,True,
"Apple Macbook Pro 15"" Retina - i7 2.2GHZ 16GB 1TB SSD - OS Monterey + Warranty",29500,Pre-Owned,,True,
13 Apple Macbook Pro Core i5 3.5GHz Turbo 512GB SSD 16GB A1706 TouchBar Warranty,48900,Pre-Owned,,True,
Apple MacBook Air M3 15.3in 8-CoreCPU 10-CoreGPU 2024 8GB RAM 256GB SSD,78900,Excellent - Refurbished,,True,
"Apple MacBook Pro M3 14.2"" 8-CoreCPU 10-CoreGPU 2023 8GB RAM 512GB SSD Excellent",89900,Excellent - Refurbished,,True,
"13.3"" 2020, MacBook Air, BTO, Apple M1, 16GB, 256GB SSD, 7C",52495,Good - Refurbished,,True,
"Apple MacBook Pro A1278 13"" Intel Core i5 2.5Ghz CPU 8GB RAM 256G SSD",8899,Pre-Owned,,True,
"Apple MacBook 13"" Laptop READY TO USE w/ macOS 10.13 HIGH SIERRA",9999,Pre-Owned,,True,
"Apple MacBook Pro 13"" Late 2020 M1 1TB SSD 16GB RAM Space Gray - Good",64999,Good - Refurbished,,True,
Apple MacBook Air 13-inch M2 Chip 16GB RAM 256GB SSD Midnight MC7X4LL/A,69900,Open Box,,True,
"2020 Apple MacBook Air 13"" i3 1.1GHz/8GB/256GB SSD (Silver) A2179",24999,Pre-Owned,,True,
"Apple MacBook Pro 13.3"" (i5-5257u - 8GB RAM - 128GB SSD - MF839LL/A)",18999,Very Good - Refurbished,,True,
"Apple Macbook Air MLY33LL/A 2022 M2 - Magsafe 3 - 13.6""  8GB/256GB SSD Excellent",65700,Excellent - Refurbished,,True,
APPLE MACBOOK PRO 15 RETINA Laptop | i7 16GB RAM + 256GB SSD | WARRANTY,23900,Pre-Owned,,True,
"Apple MacBook Pro M1 Pro 16"" 10-Core CPU 16-Core GPU 2021 512GB SSD 16GB RAM",84400,Very Good - Refurbished,,True,
MacBook Pro 15 Inch 1 TB SSD 16 GB i7 3.40Ghz Apple Retina Big Sur 3yr Warranty,44900,Pre-Owned,,True,
"Apple Macbook Pro 13"" - i5 16GB RAM + 512GB SSD DVD - OS Monterey 12 - Warranty",16900,Pre-Owned,,True,
"EXCELLENT Apple MacBook Pro 15"" RETINA 3.4GHz i7 Turbo 16GB RAM 512GB SSD",39102,Very Good - Refurbished,,True,
"LOADED!! Apple MacBook Pro Retina 15"" i7 + TouchBar + 2023 OS + 16 GB RAM + MORE",69825,Pre-Owned,,True,
"1 Year Warranty 2020 MacBook Air 13"" Core i3 1.10GHz/8GB/256GB (Silver) - A2179",32399,Good - Refurbished,,True,
"Apple MacBook Pro 13"" A2159 i5-8257U 16GB RAM 256GB SSD Space Gray",26999,Pre-Owned,,True,
"Apple MacBook Air A1466 13.3"" Intel I5 CPU 4GB RAM 120 SSD",10999,Pre-Owned,,True,
"Apple MacBook Pro A1278 13"" Laptop Intel Core i5-3210M 2.50GHz 4GB RAM 500GB HDD",4999,Pre-Owned,1386,False,
"Apple MacBook Air 13.3"" Laptop Apple M1 chip 16GB Memory 512GB SSD SPACE GRAY",53999,Pre-Owned,,False,
New ListingApple MacBook Pro A1398 Retina i7 16GB RAM Laptop Notebook PC O15,12500,Pre-Owned,999,True,
"Apple Macbook Pro M1 14"" 8-core CPU 14-core GPU 2021 512GB SSD 16GB Ram Gray",87999,Excellent - Refurbished,,True,
"2018/2020 MacBook Air 13"" RETINA Display Intel Core i5 3.6GHz 256GB SSD 16GB RAM",47900,Good - Refurbished,,True,
Apple 2023 MacBook Pro 14-inch M3 8-Core 8GB RAM 512GB SSD Space Gray MTL73LL/A,97900,Open Box,,True,
"Apple 2019 MacBook Air 13"" 1.6GHz Dual-Core i5 16GB RAM 128GB SSD - Very good",33999,Very Good - Refurbished,,True,
"13"" Apple MacBook Air 2019 1.6GHz Intel Core i5 16GB RAM 256GB SSD Gray - Good",29999,Good - Refurbished,,True,
"Apple Macbook Air 13"" Laptop | i5 4GB RAM + 128GB SSD | MacOS Big Sur | Warranty",12825,Pre-Owned,,True,
"New Listing2019 Apple MacBook Air 13"" - 256GB - Retina - A1932 - 8GB",20999,Pre-Owned,,True,
Apple 2024 MacBook Pro 16-inch M4 Pro 24GB RAM 512GB SSD Space Black MX2X3LL/A,189900,Open Box,,True,
Apple 2024 MacBook Pro 14-inch M4 Chip 16GB RAM 512GB SSD Space Black MW2U3LL/A,129900,Open Box,,True,
APPLE MACBOOK PRO MPXQ2LL/A | INTEL CORE I5-7360U | 128GB | 8GB RAM | VENTURA,21999,Pre-Owned,,True,
"Apple MacBook Pro 16"" Late 2021 M1 Max 3.2GHz 1TB SSD 64GB RAM Silver, Good",126999,Good - Refurbished,,True,
"Apple Macbook Air 2013 A1465 11"" I5 1.3GHz 4GB 128GB SSD MD711LL/A Laptop",7498,Pre-Owned,,True,
"Apple MacBook 13"" Laptop READY TO USE w/ macOS 10.13 HIGH SIERRA !!!",9999,Pre-Owned,,True,
Apple MacBook Air with M1 Chip 13-inch 16GB 512GB SSD 8GPU Space Gray - OSX 2024,59900,Excellent - Refurbished,,True,
"Apple MacBook Pro 13.3"" Intel Core i5 2.5ghz, 16GB Ram , 500GB Hdd MacOS 10.15",10500,Pre-Owned,,True,
Apple Macbook Pro 13 Inch | i5 8GB RAM + 128GB SSD | OS High Sierra | WARRANTY,10900,Pre-Owned,,False,
"New Listing2020 Apple MacBook Air 13.3"" (256GB SSD, Apple M1, 8GB) Used",39999,Pre-Owned,,True,
Apple MacBook Pro 2021 16in M1 Pro 10 CPU 16 GPU 16GB RAM 1TB SSD Very Good,89959,Very Good - Refurbished,,True,
"Apple Macbook Pro 15"" Retina - Quad Core i7 + 16GB RAM + 512GB SSD - OS Catalina",17955,Pre-Owned,,True,
New Listing2017 Apple MacBook Pro 15-inch ‚Äì i7 2.9 GHz 16GB RAM 1TB SSD | Intel HD Graph630,60000,Pre-Owned,,False,
"Apple Macbook Pro M1 Max 16"" 2021 10-Core CPU 32 GPU 1TB SSD 32GB Ram Gray",138999,Very Good - Refurbished,,True,
"Apple Macbook Pro 15"" Retina - i7 16GB RAM + 256GB to 512GB SSD - OS Big Sur",22900,Pre-Owned,,True,
"Apple MacBook 13"" Unibody  A1342 8GB RAM 256GB SSD",18900,Pre-Owned,,True,
"Apple MacBook Pro 15"" i7 Retina 1TB SSD 16GB 3.4Ghz Monterey - 3 Year Warranty",49900,Pre-Owned,,True,
"Apple MacBook 12"" - Core m3 | m5 | m7 - 8GB RAM - 256GB | 512GB SSD - Very Good",19945,Very Good - Refurbished,,True,
MacBook Pro 13 2020 Touch Bar 2.3 GHz i7 16GB 512GB Space Gray - Good Condition,40999,Good - Refurbished,,True,
"Apple MacBook Pro 13.3"" Intel Core i5 2.5ghz, 16GB Ram , 500GB Hdd MacOS 10.15",10500,Pre-Owned,,True,
Apple 2024 MacBook Pro 14-inch M4 Chip 16GB RAM 512GB SSD Space Black MW2U3LL/A,129900,Open Box,,True,
Apple MacBook Pro 2021 16in M1 Pro 10 CPU 16 GPU 16GB RAM 512GB SSD Excellent,87988,Excellent - Refurbished,,True,
MacBook Pro 13 Touch Bar 2020 M1 8-Core / 8-Core GPU 16GB 256GB Space Gray Good,50999,Good - Refurbished,,True,
"2013 Apple MacBook Pro 15.4'' Intel Core i7 512GB SSD 16GB RAM ME665LL/A, Good",20699,Good - Refurbished,,True,
"Apple MacBook Pro 15.4-Inch Intel Core i9, 32GB RAM, 1TB SSD, Space Grey",45900,Good - Refurbished,,True,
APPLE MACBOOK PRO MPXQ2LL/A | INTEL CORE I5-7360U | 128GB | 8GB RAM | VENTURA,21999,Pre-Owned,,True,
"MAXED!! Apple MacBook Air Retina 13"" + LOADED!! + 2023 OS + EXTRAS! + 256 GB SSD",64125,Pre-Owned,,True,
"Apple Macbook M1 Pro 16"" 2021 10-core CPU 16-core GPU 512GB SSD 16GB Ram Gray",92900,Excellent - Refurbished,,True,
"EXCELLENT Apple MacBook Pro 15"" RETINA 3.4GHz i7 Turbo 16GB RAM 512GB SSD",39102,Very Good - Refurbished,,True,
13 Apple Macbook Pro Core i7 4.0GHz Turbo 256GB SSD 16GB A1706 TouchBar Warranty,47500,Pre-Owned,,True,
"13"" Apple MacBook Air 512gb SSD 8gb 2.7Ghz i5 TURBO - Monterey - 3 Year WARRANTY",29900,Pre-Owned,,True,
"Apple MacBook Pro Core i7 2.0GHz 8GB RAM 256GB SSD 15"" ME293LL/A, Good",17999,Good - Refurbished,,True,
"Apple MacBook Air 2018 13"" 1.6GHz Intel Core i5 8GB RAM 256GB SSD Gray",17500,Pre-Owned,2130,False,
"New Listing2020 Apple MacBook Air 13.3"" M1  8GB RAM 256GB SSD A2337",37500,Pre-Owned,1138,False,
Apple 2020 MacBook Air M1 3.2GHz (7-Core GPU) 16GB RAM 256GB SSD - Very good,54999,Very Good - Refurbished,,True,
"2013 Apple MacBook Pro A1425 13"" i5 2.6GHz 8GB RAM 256GB SSD ME662LL/A, Good",16299,Good - Refurbished,,True,
"Apple MacBook Pro 13"" A1278 2.5GHz Intel Core i5 8GB RAM 120GB SSD Mid 2012",11900,Pre-Owned,,True,
"Apple MacBook Pro 13"" 2020, Apple M1, 256GB SSD, 16GB RAM, 8C GPU, A2338, Great!",49999,Pre-Owned,,True,
Apple MacBook Pro 2021 16in M1 Pro 10 CPU 16 GPU 16GB RAM 1TB SSD Excellent,95202,Excellent - Refurbished,,True,
"Apple MacBook Pro 15"" 16GB i7 3.7Ghz - Retina 1TB SSD Monterey - 3 Year Warranty",49900,Pre-Owned,,True,
"New ListingApple MacBook Pro 16"" (512GB SSD, Intel Core i7 9th Gen., 2.60 GHz, 16GB) USED",39999,Pre-Owned,,False,
"Apple MacBook Pro Retina 15'' (512GB SSD, Core i7-4770HQ, 2.2GHz, 16GB RAM)",22999,Good - Refurbished,,True,
Apple MacBook Air with M1 Chip 13-inch 16GB 512GB SSD 8GPU Space Gray - OSX 2024,59900,Excellent - Refurbished,,True,
"Apple Macbook Air M2 2022 13"" 8-Core CPU 8-Core GPU 256GB SSD 8GB Ram Gray",64999,Excellent - Refurbished,,True,
"Apple MACBOOK PRO 15"" 16GB i7 3.4Ghz - RETINA 1TB SSD Monterey - 1 Year Warranty",40850,Pre-Owned,,True,
"13"" MacBook Air 2020 M1 7-Core GPU 16GB RAM 256GB SSD Sonoma Gray Warranty Good",46700,Good - Refurbished,,True,
"15"" Apple MacBook Pro - 3.8Ghz Turbo i7 16GB 256GB SSD Touch Bar - 1 Yr Warranty",49900,Pre-Owned,,True,
"Apple Macbook Pro 15"" Retina - Quad Core i7 + 16GB RAM + 512GB SSD - OS Catalina",17955,Pre-Owned,,True,
"Apple MacBook Pro 13"" Retina/ 2.4Ghz Core i5/8GB/256GB SSD. Os Big Sur Grade C",13900,Pre-Owned,,True,
"Apple MacBook 12"" Retina (2015) - Core M - 8GB RAM - 256GB SSD - Space Gray - MJ",15999,Pre-Owned,,True,
MacBook Pro 13 Touch Bar Space Gray 2019 2.4 GHz Intel Core i5 16GB 256GB - Good,28999,Good - Refurbished,,True,
"13"" Apple MacBook Air 2019 1.6GHz Intel Core i5 16GB RAM 256GB SSD Gray - Good",29999,Good - Refurbished,,True,
"Apple MacBook Pro 16"" (2021) Silver A2485 M1 Pro 16GB RAM 512GB B-Grade",89999,Pre-Owned,,True,
"Apple MacBook Pro Core i5 2.3GHz, 13.3-inch, 8GB RAM, 256GB SSD, Space Gray",24900,Pre-Owned,,True,
"15"" MacBook Pro 2017 Gray 2.9 i7 16GB 512GB SSD 560 Ventura + Warranty + Good",32200,Good - Refurbished,,True,
"New ListingApple MacBook Air 13 in 2022 Midnight/Apple M2 3.49 GHz, 256 GB 8 GB 8-Core",71000,Pre-Owned,1390,False,
"Apple MacBook Pro A1398  Laptop 15"" Intel I7 CPU 16GB RAM 512 SSD",22999,Pre-Owned,,True,
Apple MacBook Pro 13 Touch Bar 2020 M1 8-Core CPU 8-Core GPU 16GB 512GB Gray,54999,Good - Refurbished,,True,
"Apple MacBook Air Core i5 1.6GHz 8GB RAM 256GB SSD 13"" MVFJ2LL/A (2019) - Good",28997,Good - Refurbished,,True,
Apple Macbook Pro 13 Inch | i5 8GB RAM + 128GB SSD | OS High Sierra | WARRANTY,10900,Pre-Owned,,False,
"2020 13"" Apple MacBook Air 1.1GHz Intel Core i3 8GB RAM 256GB SSD, Good",32999,Good - Refurbished,,True,
New ListingMacBook Air,17500,Pre-Owned,961,False,
"Apple MacBook Pro 13"" Retina/ 2.4Ghz Core i5/8GB/256GB SSD. Os Big Sur",16900,Pre-Owned,,True,
2017 Apple MacBook Air 13 inch / Dual Core i5/ 8GB / 256GB SSD. OS Monterey,18900,Pre-Owned,,True,
New ListingMacBook Air m3 & 11+13 Inch iPad Pro M4,75000,Brand New,1759,False,
"New ListingApple MacBook Pro Core i7 2.5 15"" Mid-2015 MacBookPro11,5",15000,Pre-Owned,999,False,
"Apple Macbook Pro 13"" Laptop i5 8GB RAM 128GB SSD HD. Os High Sierra. DVD Player",13900,Pre-Owned,,True,
"New ListingApple MacBook Pro MV982LL/A 13"" - (Core i7 - 2.8Ghz - 16GB Ram - 512GB SSD)",38000,Pre-Owned,921,False,
"‚úÖ Apple MacBook 12"" 2016-2017 Retina | m3/m5/m7/i5/i7 | 8-16GB | 256-512GB",25900,Pre-Owned,,False,
New ListingAPPLE MACBOOK PRO A1286 2.53 GHz i5 8GB RAM 1tb SSD,42500,Pre-Owned,,False,
New ListingApple MacBook Pro A1398 Retina i7 16GB RAM Laptop Notebook PC O15,12500,Pre-Owned,999,True,
Apple 2024 MacBook Pro 16-inch M4 Pro 24GB RAM 512GB SSD Space Black MX2X3LL/A,189900,Open Box,,True,
MacBook Pro 13 Touch Bar 2020 Intel Core i5 8GB 512GB 1.4 GHz Space Gray,34499,Good - Refurbished,,True,
APPLE MACBOOK PRO A2141 BTO/CTO | CORE I7-9750H | 512GB | 16GB RAM | SEQUOIA,40999,Pre-Owned,,True,
EXCELLENT Apple MacBook Air 13 PRE-RETINA INTEL CORE i7 8GB RAM 512GB SSD,33908,Very Good - Refurbished,,True,
"MacBook Pro 16"" Intel Core i7-9750H @ 2.6GHz 16GB RAM 512GB SSD - See Desc..",28900,Pre-Owned,,False,
"Apple MacBook Pro 15"" 1TB SSD 16GB RAM i7 Retina - Big Sur - 1 Year Warranty",39102,Pre-Owned,,True,
"13"" Apple MacBook Air Turbo 3.6Ghz SONOMA i5 8GB 256GB SSD A1932 w/ Warranty",37500,Pre-Owned,,True,
"Apple MacBook Core Intel M3 8GB RAM 256GB SSD 12"" MNYK2LL/A - Space Gray - See D",20100,Pre-Owned,,False,
"Apple MacBook Pro 13.3-Inch Intel Core i7 3.1GHz, 16GB Ram, 1TB SSD - Warranty",26900,Good - Refurbished,,True,
"Apple MacBook Pro 13.3-Inch Intel Core i7 3.1GHz, 16GB Ram, 512GB SSD - Warranty",23900,Good - Refurbished,,True,
"MAXED!! Apple MacBook Pro 15"" Retina i7 Laptop + TouchBar + 2024 OS + EXTRAS!",79800,Pre-Owned,,True,
"Apple MacBook Air 13"" M2 chip 16GB RAM 256GB SSD Midnight MC7X4LL/A 2022 Model",69900,Excellent - Refurbished,,True,
"Apple MacBook Pro M3 Pro 14.2"" 11-CoreCPU 14-CoreGPU 2023 512GB SSD 18GB RAM",117900,Very Good - Refurbished,,True,
"Apple MacBook 12"" - Core m3 | m5 | m7 - 8GB RAM - 256GB | 512GB SSD - Very Good",19945,Very Good - Refurbished,,True,
"Apple Macbook Pro 2019 Touchbar 16"" A2141 i9 2.4GHz 64GB RAM 1TB SSD MVVM2LL/A",66999,Good - Refurbished,,True,
"Apple MacBook Pro 15"" Retina / Quad Core i7 /16GB/256GB SSD HD. Big Sur. Grade C",17900,Pre-Owned,,True,
"Apple¬†13.3"" MacBook Air Core i5 1.6GHz 8GB RAM 256GB SSD MMGG2LL/A In Retail Box",35995,Open Box,1331,False,
"MAXED!! Apple MacBook Pro Retina 13"" + LOADED! + TouchBar + 2023 OS + EXTRAS!",64125,Pre-Owned,,True,
"MacBook Pro Retina 13-inch, Late 2013/Intel i5-2.4GHz/8GB-RAM/250GB w/Office!",10000,Pre-Owned,1995,False,
"Apple Macbook Air M2 2022 13"" 8-Core CPU 8-Core GPU 256GB SSD 8GB Ram Gray",64999,Excellent - Refurbished,,True,
"Apple MacBook Pro 13"", 4 Thunderbolt 3 - i7 - 2.3GHz 32GB 500GB 1Y warrnaty E135",47500,Very Good - Refurbished,,True,
"Apple MacBook Pro 15"" i7 Retina 1TB SSD 16GB 3.4Ghz Monterey - 3 Year Warranty",49900,Pre-Owned,,True,
"Apple Macbook Pro 13"" Laptop - i5 16GB RAM + 256GB SSD | OS Big Sur - Very Good",17955,Pre-Owned,,True,
"2017 Apple MacBook Pro 13'' Intel Core i5 2.3GHz, 128GB SSD 8GB RAM A1708, Good",25999,Good - Refurbished,,True,
Apple MacBook Pro 15 Core i7 16GB 256GB Silver 2015 - Used Very Good,17999,Pre-Owned,,True,
"Apple MacBook Air A1932 i5-8210Y 1.60GHZ 16GB 256GB SSD 13.3""",22999,Pre-Owned,,True,
"New ListingApple MacBook Air 13 in 2022 Midnight/Apple M2 3.49 GHz, 256 GB 8 GB 8-Core",60000,Pre-Owned,1124,False,
Apple 2024 MacBook Pro 14-inch M4 Pro 24GB RAM 512GB SSD Silver MX2E3LL/A,161900,Open Box,,True,
Apple MacBook Pro 15 Core i7 16GB 256GB Gray 2019 - Used Good,29399,Pre-Owned,,True,
"Apple MacBook Air 13.6"" Laptop 2022 M2 8GB RAM 256GB - Only 19 Battery Cycle",65000,Open Box,,False,
"Apple MacBook Pro 16"" 2019 Scissor, Gray - Core i9 2.4GHz 32GB 512GB - Very Good",48999,Very Good - Refurbished,,True,
"Apple Macbook Pro 15"" Laptop - Quad Core i7 2.2GHz 16GB RAM 1TB SSD - Warranty",28900,Pre-Owned,,True,
"Apple MacBook Air 13.3"" Core i5 8G RAM 128GB SSD Silver MQD32LL/A In Retail Box",47995,Brand New,1420,False,
"Apple MacBook Pro MWP42LL/A 13.3"" Retina i5, 16GB RAM, 512GB SSD, IrisPlus 2019",37500,Pre-Owned,,True,
Apple MacBook Air A1466 Intel Core i5-5250U @ 1.6GHz 8GB RAM 256GB SSD,12650,Pre-Owned,,True,
"13"" MacBook Air 2020 M1 7-Core GPU 16GB RAM 256GB SSD Sonoma Gray Warranty Good",46700,Good - Refurbished,,True,
Apple MacBook Pro A1502 i5-4258U 8GB 128GB SSD Mojave,12999,Good - Refurbished,,True,
"Apple Macbook Air 13"" Laptop - i5 8GB RAM 256GB SSD - MacOS Big Sur - Warranty",13205,Pre-Owned,,True,
"2017 Apple Macbook 12"" - 1.2ghz Core M3 - Choose Specs - Good Cond",17495,Pre-Owned,,True,
"Apple MacBook Air A2337 (Late 2020) Laptop 13"" M1 CPU 16GB RAM 256 SSD Gray",49999,Pre-Owned,,True,
Apple 2023 MacBook Pro 14-inch M3 8-Core 8GB RAM 512GB SSD Space Gray MTL73LL/A,97900,Open Box,,True,
"Apple MacBook Air M3 15.3"" 8-CoreCPU 10-CoreGPU 2024 512GB SSD 8GB RAM Excellent",89900,Excellent - Refurbished,,True,
2020 Apple MacBook Air M1 13in 8GB RAM 128GB MGN73LL/A 8 CPU 7GPU 95% BAT READ,27900,Pre-Owned,,True,
Apple MacBook Unibody 13.3‚Äù 2.26GHz intel Core 2 Duo 8GB RAM 256GB SSD,19900,Pre-Owned,,True,
"Apple MacBook Pro Core i9 2.4GHz 32GB RAM 512GB SSD 16"" MVVK2LL/A - Very Good",57299,Very Good - Refurbished,,True,
"Apple MacBook Pro 15.4"" Retina, Intel Core i7 2.3GHz, 512GB SSD, 16GB RAM, Good",19999,Good - Refurbished,,True,
Apple Macbook Pro 15 Laptop | Quad Core i7 + 8GB RAM + 256GB SSD | OS Catalina,17005,Pre-Owned,,True,
"Apple MacBook Air 13"" A1466 2017 Intel i5 1.80GHz 8GB RAM 128GB SSD macOS 12 C-G",12999,Good - Refurbished,,True,
"Apple MacBook Pro 15.4-Inch Intel Core i7, 32GB RAM, 1TB SSD, Space Grey",41900,Good - Refurbished,,True,
"Apple MacBook Air A1466 2012 13"" 1.8GHz i5 8GB RAM 120GB SSD macOS 10.15.7",8500,Pre-Owned,,True,
"Apple MacBook Pro 13in (256GB SSD, M1, 8GB) Laptop - Silver - MYDA2LL/A...",30000,Pre-Owned,3500,False,
"Apple MacBook Pro 15.4-Inch Intel Core i9 2.4GHz 32GB RAM, 1TB SSD, Space Gray",49900,Good - Refurbished,,True,
"15"" MacBook Pro 2019 Silver 2.3 i9 32GB 512GB SSD 560X Sequoia + Good + Warranty",43900,Good - Refurbished,,True,
"Apple MacBook Unibody A1342 13.3"" 2GB RAM, 250GB HDD, Intel 2.4GHz Core 2 Duo",4400,Pre-Owned,1934,False,
"Apple MacBook Pro 16'' 2019 Intel 8 Core i9 2.4GHz, 1TB SSD 64GB RAM, Silver",71599,Very Good - Refurbished,,True,
Apple MacBook Air 13‚Äù 1.6GHz Core i5 4gb RAM 128GB SSD MacOS Monterey,10000,Pre-Owned,,True,
"Apple MacBook Air 13"" M3 chip 16GB RAM 512GB SSD Space Gray MXCR3LL/A 2024 Model",89900,Open Box,,True,
New ListingApple MacBook Air 13-inch 2024 M3 / 8GB RAM / 256GB SSD / 8-Core GPU / Midnight,79900,Open Box,1507,False,
Apple MacBook Pro 13‚Äù Dual Core i5 16GB RAM | 1TB HD | Os Catalina | DVD Player,14900,Pre-Owned,,True,
"Apple MacBook Pro 15.4-Inch Intel Core i9, 32GB RAM, 512GB SSD, Space Grey",43900,Good - Refurbished,,True,
"EXCELLENT Apple 16"" MacBook Pro 2019/2020 16GB 512GB SSD 2.6 6-Core i7 OSX 2023",59900,Pre-Owned,,True,
"Apple MacBook Pro with Apple M1 Chip 13"", 8GB, 512GB - Space Gray",52999,Excellent - Refurbished,,True,
"Apple 2019 MacBook Air 13"" 1.6GHz Dual-Core i5 16GB RAM 128GB SSD - Fair",28999,Good - Refurbished,,True,
"15"" MacBook Pro 2017 Gray 2.9 i7 16GB 512GB SSD 560 Ventura + Warranty + Good",32200,Good - Refurbished,,True,
Apple MacBook Air 13 2020 M1 8-Core CPU 7-Core GPU 16GB 256GB Space Gray,52999,Very Good - Refurbished,,True,
"13"" Apple MacBook Air 512gb SSD 8gb 2.7Ghz i5 TURBO - Monterey - 3 Year WARRANTY",29900,Pre-Owned,,True,
"Apple MacBook Pro 15"" 1TB SSD 16GB RAM i7 Retina - Big Sur - 1 Year Warranty",39102,Pre-Owned,,True,
"Apple MacBook Air 13.3"" Core i5 8GB RAM 128GB SSD Silver MQD32LL/A In Retail Box",33495,Open Box,1420,False,
"MAXED!! Apple MacBook Air Retina 13"" + LOADED!! + 2023 OS + EXTRAS! + 256 GB SSD",64125,Pre-Owned,,True,
APPLE MACBOOK PRO 15 RETINA LAPTOP | QUAD CORE i7 | 16GB + 256GB SSD | WARRANTY,22900,Pre-Owned,,True,
"New Listing2015 Apple MacBook Pro 13"" Retina/ 2.9 Ghz i5 / 16GB / 512GB SSD. Os Monterey",17999,Pre-Owned,,False,
"Apple MacBook Pro 13"" | 2015 3.1 i7 16GB 256GB SSD MF843LL/A Refurbished - Good",22900,Good - Refurbished,,True,
"Apple MacBook Pro 15"" Retina / Quad Core i7 /16GB/256GB SSD HD. Big Sur. Grade C",17900,Pre-Owned,,True,
"Apple Macbook Pro 13"" Laptop - i5 2.5GHZ 8GB 256GB SSD - OS Catalina + Warranty",13900,Pre-Owned,,True,
New ListingApple MacBook Pro 15 inch 2018 A1990 (512 GB SSD Intel Core i7 2.6GHz 16GB RAM,33000,Pre-Owned,1021,False,
"Apple MacBook Air 13"" M3 chip 16GB RAM 256GB SSD Silver MC8H4LL/A 2024 Model",79900,Open Box,,True,
Apple Macbook Pro 13.3‚Äù 2.5GHz intel Core i5 16GB RAM-500GBHDD Turboüî•,22500,Pre-Owned,,False,
"Apple¬†13.3"" MacBook Air Core i5 1.6GHz 8GB RAM 256GB SSD MMGG2LL/A In Retail Box",35995,Open Box,1331,False,
New ListingApple MacBook Pro 2023 16 Inch - M3 Max 16‚Äëcore/40-core GPU - 64GB RAM / 4TB SSD,190000,Pre-Owned,1086,False,
"Apple MacBook Pro 13"" Laptop Touch Bar 256GB SSD Warranty 2017/2020",40850,Pre-Owned,,True,
"2020 Apple MacBook Air 13"" i3 1.1GHz/8GB/128GB SSD (Space Gray) A2179",27999,Pre-Owned,,True,
New ListingMACBOOK PRO 2017 A1708 FAIR SHAPE EVERYTHING WORKS!,16000,Pre-Owned,2515,False,
"Apple MacBook 12"" - Core m3 | m5 | m7 - 8GB RAM - 256GB | 512GB SSD - Excellent",21370,Excellent - Refurbished,,True,
Macbook Pro 13 Inch Touch Bar 3.5GHz Turbo i5 A1706 Monterey FREE 1 Yr Warranty,43900,Pre-Owned,,True,
"Apple Macbook Pro 16"" Core i9-9980HK 64GB RAM 1TB MVVM2LL/A AMD Radeon Pro 5600M",77699,Very Good - Refurbished,,True,
"New ListingM1 MacBook Air, Gray, Model A2337,  16GB/1TB",24999,Pre-Owned,,False,
Apple MacBook Air 13 Core i5 8GB 256GB Silver 2017 - Used Very Good,14499,Pre-Owned,,True,
"Apple MacBook Pro 13"" 1TB SSD 16GB RAM i5 2.5Ghz Pre-Retina -Warranty",24402,Pre-Owned,,True,
Apple MacBook Pro 16 Core i9 64GB 512GB Gray 2019 - Used Very Good,53999,Pre-Owned,,True,
"Apple MacBook Pro 15"" | 2.8 i7 16GB 512GB SSD - Fair - 1 Year Warranty",22900,Pre-Owned,,False,
"Apple MacBook Air 13"" A1466 2017 Intel i5 1.80GHz 8GB RAM 128GB SSD macOS 12 C-G",12999,Good - Refurbished,,True,
"Apple MacBook Pro 16"" (2021) Silver A2485 M1 Pro 16GB RAM 512GB B-Grade",89999,Pre-Owned,,True,
MacBook Pro 13 Silver 2017 2.3 GHz Intel Core i5 8GB 256GB SSD Good Condition,21999,Good - Refurbished,,True,
Apple 13.6 MacBook Air M2 Chip 24GB RAM 1TB SSD Midnight MLY33LL/A Very Good,113995,Very Good - Refurbished,,True,
Apple 14.2 MacBook Pro M2 Max 96GB RAM 4TB SSD 2023 Space Gray MPHG3LL/A Very,258994,Very Good - Refurbished,,True,
Apple MacBook Pro 13.3‚Äù 2.5GHz intel Core i5 8GB RAM 256GB SSD MacOS High Sierra,23500,Pre-Owned,,True,
New ListingApple MacBook Air 13-inch 2024 M3 / 8GB RAM / 256GB SSD / 8-Core GPU / Midnight,79900,Open Box,1507,False,
New Listing2020 MacBook Pro W/ Magic Touchbar,28000,Pre-Owned,2115,False,
"Apple Macbook Air 13"" 2015 | i5 8GB RAM 512GB SSD | Monterey + 2 Year Warranty",14155,Pre-Owned,,True,
"Apple Macbook Air 13.6"" M2 Chip 8GB RAM 256GB SSD Midnight MLY33LL/A 2022 Model",62900,Very Good - Refurbished,,True,
Apple MacBook Pro 13 Inch 2.5ghz 8GB Ram 500gb A 1278 10.15 Catalina + Charger,10500,Pre-Owned,,True,
"Apple Macbook Pro 15"" Retina - i7 16GB 256GB SSD - Big Sur - Warranty Grade C",19900,Pre-Owned,,False,
MacBook White Unibody 13.3‚Äù 2.6GHz core 2 Duo 8GB RAM 256GB SSD,19900,Pre-Owned,,True,
"Apple MACBOOK PRO 15"" 16GB i7 3.4Ghz - RETINA 1TB SSD Monterey - 1 Year Warranty",40850,Pre-Owned,,True,
EXCELLENT Apple MacBook Pro 13 RETINA INTEL CORE i5 TURBO 8GB RAM 256GB SSD,29302,Very Good - Refurbished,,True,
"2018 Apple MacBook Air A1932 1.6 GHz Core i5 13"" 8GB RAM 256GB SSD, Silver, Good",25499,Good - Refurbished,,True,
New ListingNO BOOT - Apple MacBook Pro  13‚Äù 2017 i5 2.3GHz 16GB 256GB SSD,10000,Parts Only,905,False,
"Apple Macbook Pro 15"" Laptop - Quad Core i7 + 16GB + 256GB to 1TB SSD - Monterey",23900,Pre-Owned,,True,
"Apple MacBook Air A2337 (Late 2020) Laptop 13"" M1 CPU 16GB RAM 256 SSD Gray",49999,Pre-Owned,,True,
Apple MacBook Pro (2019) Laptop Intel Core i7-9750H 32GB 1TB SSD macOS MVVL2LL/A,60553,Excellent - Refurbished,,True,
New ListingApple 2019 MacBook Air i5 1.60GHz 16GB RAM 512GB SSD - Excellent,22500,Pre-Owned,1998,False,
Apple MacBook Pro 13.3'' intel Core i5 2.5GHz 16GB RAM 500GB SSD W/Cover  Turbo,27500,Pre-Owned,,False,
"Apple Macbook Core M3 1.2GHz 8GB RAM 256GB SSD 12"" MNYF2LL/A (2017), Gray, Good",21999,Good - Refurbished,,True,
"2017 Apple MacBook Air 13"" i5 1.8GHz 8GB RAM 512GB SSD -WARRANTY",38808,Open Box,,True,
"Apple MacBook Pro 15"" Retina 2.2GHz Intel Core i7 16GB RAM 256GB SSD 2014, Good",21999,Good - Refurbished,,True,
"Apple 2020 MacBook Pro 13"" M1 3.2GHz (8-Core GPU) 8GB RAM 512GB SSD - Fair",49999,Good - Refurbished,,True,
APPLE MACBOOK AIR 2013 INTEL I5-4TH GEN 1.30GHz 4GB RAM 128GB SSD macOS BIG SUR.,7998,Pre-Owned,,True,
"Apple Macbook Air 13"" Laptop - i5 8GB RAM 256GB SSD - MacOS Big Sur - Warranty",13205,Pre-Owned,,True,
"13"" Apple MacBook Air 2012 | 1.8 i5 8GB 128GB SSD Catalina + Good + Warranty",10400,Good - Refurbished,,True,
MacBook Pro 16 inch 2021 | M1 Pro 10 CPU | 16 GPU | 32GB RAM 512GB SSD Gray | Ô£ø,93900,Pre-Owned,,True,
New Listing2021 MacBook Pro  With M1 Chip  (13.3 Inch)  16GB  1TB SSD,59999,Open Box,2010,True,
Apple MacBook Pro 13‚Äù 2.5ghz Core i5 16GB Ram 1000GB HDD A1278 OS 10.15 Catalina,11500,Pre-Owned,,True,
Apple MacBook Air A1932 Intel Core i5-8210Y @ 1.6GHz 8GB RAM 128GB SSD,24900,Pre-Owned,,False,
"Macbook Pro 15,1 A1990 Intel Core I7-9750H 16GB RAM 256GB SSD #0855",18000,Parts Only,2514,False,
"Apple Macbook M1 Pro 16"" 2021 10-core CPU 16-core GPU 1TB SSD 16GB Ram Silver",107999,Excellent - Refurbished,,True,
Apple MacBook Pro 14 2023 M3 Max 14-Core 30-Core GPU 36GB 1TB Space Black,209998,Excellent - Refurbished,,True,
"15"" MacBook Pro 2017 3.1 i7 16GB RAM 512GB SSD 560 + BAD TOUCH BAR, LCD STAINS",22900,Pre-Owned,,True,
"New ListingApple MacBook Air A1466 13"" Laptop  (Mid 2013)",8000,Pre-Owned,1322,False,
New ListingMacBook Pro i5 2.0GHz 13‚Äù (Late 2016) 256GB SSD Read Bio,9995,Parts Only,1066,False,
New ListingApple MacBook Pro 13.3'' Laptop - MNQF2LL/A - Space Gray (2016),17000,Pre-Owned,1835,False,
"New ListingMacBook Pro (16-inch, 2019) I9 @2.4GHZ 64GB RAM, 2TB SSD READ PLEASE",40000,Parts Only,,False,
"New ListingExcellent Apple 15 inch Macbook Pro  Laptop , i7 16GB RAM, 500 SSD WOW!!!",23500,Pre-Owned,1500,False,
2017  Apple MacBook Air 13 inch / Dual Core i5/ 8GB / 128GB SSD. MacOS Monterey,15900,Pre-Owned,,True,
New ListingApple MacBook Pro 16‚Äù 2019 - i7 | 16GB | 512GB | Radeon Pro 5300M - Excellent,36999,Pre-Owned,1599,False,
"New ListingApple MacBook Air 13.3"" (256GB SSD i3 10th Gen. 3.20 GHz 8GB) Early 2020",22000,Pre-Owned,1321,False,
"New ListingApple MacBook Air 13.3""(128GB SSD, Intel Core i5 8th Gen, 1.6GHz, 8GB RAM)...",25900,Pre-Owned,,False,
Apple 14.2 MacBook Pro M2 Max 32GB RAM 1TB SSD 2023 Silver MPHK3LL/A Good,165495,Good - Refurbished,,True,
"Apple MacBook Pro A1708 13.3"" i5-7360U 8GB RAM 256GB SSD Space Gray",23275,Pre-Owned,,True,
MacBook Pro 16 Space Gray 2021 3.2 GHz M1 Pro 10-Core CPU 16-Core GPU 32GB 512GB,99999,Very Good - Refurbished,,True,
"2020 Apple Macbook Air 13.3-Inch i3-i7, 8GB-16GB, 128GB-2TB, All Colors",34900,Good - Refurbished,,True,
Apple Macbook Pro 16'' Retina Core i9 2.4GHz 64GB RAM 1TB SSD A2141 Silver 2019,70800,Very Good - Refurbished,,True,
"Apple MacBook Pro 2017 Intel Core i5, 8GB RAM 128GB SSD, Silver, MPXR2LL/A, Good",20599,Good - Refurbished,,True,
New Listing2020 MacBook Pro W/ Magic Touchbar,28000,Pre-Owned,2115,False,
APPLE MACBOOK PRO A1278 4GB/8GB RAM 250GB SATA SSD HIGH SIERRA W/CHARGER *READ,4999,Pre-Owned,1499,True,
"2020 Apple MacBook Air 13 1.1GHz Core i5 16GB 256GB SSD Gray MVH22LL/A, Good",45000,Good - Refurbished,,True,
New Listing2019 Apple MacBook Pro 16‚Äù 2.3 GHz 16GB 1TB A2141,40000,Pre-Owned,1500,False,
"Apple MacBook Pro 15"" 2019 Gray - i7 2.6GHz 32GB RAM 512GB SSD - Very Good",41999,Very Good - Refurbished,,True,
New ListingMAC Book Pro 13 Inch,80000,Pre-Owned,1390,False,
"MAXED!! Apple MacBook Pro Retina 13"" + LOADED! + TouchBar + 2023 OS + EXTRAS!",64125,Pre-Owned,,True,
Apple MacBook Pro 13‚Äù 2019 - 500GB SSD | 16GB RAM | Intel i5 2.4GHz,27900,Pre-Owned,,False,
13 Apple Macbook Pro Core Turbo i7 4GHz 512GB SSD 16GB A1706 TouchBar Warranty,49900,Pre-Owned,,True,
"Apple MacBook Pro 15.4-Inch Intel Core i9, 32GB RAM, 2TB SSD, Space Gray",59900,Good - Refurbished,,True,
"Apple MacBook Pro 15.4"" (512GB SSD, Intel Core i7, 2.5GHz, 16GB), Silver, Good",24699,Good - Refurbished,,True,
"Apple MacBook Air 11"" A1465 2015  Core i5 1.6GHz/256GB SSD/8GB/macOS Monterey",12500,Pre-Owned,2201,False,
"Apple MacBook Pro 13"" | 2015 3.1 i7 16GB 256GB SSD MF843LL/A Refurbished - Good",22900,Good - Refurbished,,True,
"Apple Macbook Pro A1990 MR932LL/A 15"" i7-8750H 16GB 256GB SSD Sonoma 14.6 Read",28349,Pre-Owned,,True,
Apple MacBook Pro A2141 i7-9750H 32GB 512GB SSD Mac OS Sonoma (2019),34999,Pre-Owned,,True,
"Apple Macbook Air 13.6"" M2 Chip 8GB RAM 256GB SSD Midnight MLY33LL/A 2022 Model",62900,Very Good - Refurbished,,True,
Apple MacBook Pro 16 2021 M1 Pro 3.2 GHz 10-Core CPU 16-Core GPU 32GB 512GB Gray,98499,Good - Refurbished,,True,
Deal! MacBook Air 13-inch 2017 8GB/256 SSD/Core i5 macOS Monterey 12 + WARRANTY,16900,Pre-Owned,,False,
Apple MacBook Air 13 Core i5 8GB 256GB Silver 2015 - Used Good,10599,Pre-Owned,,True,
"Apple MacBook Air 13 in 2015 Silver/Intel Core i5 1.60 GHz, 128 GB 4 GB Intel HD",9000,Pre-Owned,,False,
"Apple MacBook Air A1466 13.3"" Intel I5 CPU 8GB RAM 250 SSD",18999,Pre-Owned,,True,
Apple 14.2 MacBook Pro M3 Pro 12C CPU 18C GPU 36GB RAM 2TB SSD Space Black,206494,Brand New,,True,
"Apple Macbook Pro 13"" Laptop - i5 2.5GHZ 8GB 256GB SSD - OS Catalina + Warranty",13900,Pre-Owned,,True,
MacBook Pro 13 2020 Touch Bar 2.0 GHz Intel i5 16GB 512GB Space Gray,41999,Very Good - Refurbished,,True,
"New ListingApple MacBook Pro A2442 14"" 2021 EMC 3650 SCREEN AND PARTS",40000,Parts Only,1500,False,
"Apple MacBook Pro 2015 13.3"" (i5-5257u, 8GB RAM, 256GB SSD, MF839LL/A), Good",16999,Good - Refurbished,,True,
"Apple MacBook Pro 15"" i7 Retina 1TB SSD 16GB 3.7Ghz Monterey -  Warranty",43904,Pre-Owned,,True,
"New ListingMacBook Air A1466, 1.8 GHz Core i5, 8 GB Ram, 128 GB SSD, MQD32LL/A (2017)",13900,Pre-Owned,1000,True,
MacBook Air 15-inch 2024 M3 / 16GB RAM / 512GB SSD / 10-Core GPU / Midnight,109900,Open Box,,True,
"Apple MacBook Pro 16"" Apple M4 Pro chip 24GB RAM 512GB SSD Space Black MX2X3LL/A",189999,Open Box,,True,
Apple MacBook Air 13 M1 2020 256GB 512GB 1TB All Colors 8GB 16GB RAM - Very Good,60999,Very Good - Refurbished,,True,
EXCELLENT Apple MacBook Air 13 PRE-RETINA INTEL CORE i7 8GB RAM 512GB SSD,33908,Very Good - Refurbished,,True,
"New ListingApple MacBook Air A2179 (2020) Laptop 13"" i5 1.1Ghz CPU 16GB RAM 256 SSD",43500,Pre-Owned,1390,False,
"Apple MacBook Air 13"" M3 chip 16GB RAM 256GB SSD Silver MC8H4LL/A 2024 Model",79900,Open Box,,True,
"New ListingMacBook Pro M1 8-Core CPU and 8-Core GPU 13"" (Late 2020) 256GB SSD    READ",35000,Parts Only,1619,False,
"Apple 2023 MacBook Pro Laptop M3 chip with 8‚Äëcore CPU, 10‚Äëcore GPU: 14.2-inch",101495,Certified - Refurbished,,True,
"Apple MacBook Air 11"" 2013  A1465 Core i5 1.3GHZ 4GB RAM 128GB SSD Catalina",8499,Pre-Owned,,False,
"Apple MacBook Air 15"" M3 chip 8GB Ram 256GB SSD Midnight MRYU3LL/A 2024 Model",84900,Open Box,,True,
"Apple MacBook Pro 15"" Touch Bar 256GB SSD 16GB i7 Ventura Space Gray - Warranty",49900,Pre-Owned,,True,
APPLE MACBOOK PRO 16 INCH - MAXED 64GB RAM - 8C 5.0GHz / NEWEST OS,75000,Very Good - Refurbished,,True,
MacBook Pro 16 2023 M2 Pro 12-Core / 19-Core GPU 32GB 512GB 3.49 GHz Space Gray,147999,Excellent - Refurbished,,True,
"Apple A2251 MacBook Pro 13"" Core i7 @2.30Hz 16GB RAM 512GB SSD - See Desc...",33400,Pre-Owned,,False,
